{
  "annotations": {
    "list": [
      {
        "builtIn": 1,
        "datasource": {
          "type": "grafana",
          "uid": "-- Grafana --"
        },
        "enable": true,
        "hide": true,
        "iconColor": "rgba(0, 211, 255, 1)",
        "name": "Annotations & Alerts",
        "type": "dashboard"
      }
    ]
  },
  "editable": true,
  "fiscalYearStartMonth": 0,
  "graphTooltip": 0,
  "id": 19,
  "links": [],
  "panels": [
    {
      "datasource": {
        "type": "prometheus",
        "uid": "a0fa9d88-8932-41f7-af80-6f678d4fb1e7"
      },
      "fieldConfig": {
        "defaults": {
          "color": {
            "mode": "palette-classic"
          },
          "custom": {
            "axisBorderShow": false,
            "axisCenteredZero": false,
            "axisColorMode": "text",
            "axisLabel": "",
            "axisPlacement": "auto",
            "barAlignment": 0,
            "barWidthFactor": 0.6,
            "drawStyle": "line",
            "fillOpacity": 0,
            "gradientMode": "none",
            "hideFrom": {
              "legend": false,
              "tooltip": false,
              "viz": false
            },
            "insertNulls": false,
            "lineInterpolation": "linear",
            "lineWidth": 1,
            "pointSize": 5,
            "scaleDistribution": {
              "type": "linear"
            },
            "showPoints": "auto",
            "spanNulls": false,
            "stacking": {
              "group": "A",
              "mode": "none"
            },
            "thresholdsStyle": {
              "mode": "off"
            }
          },
          "mappings": [],
          "thresholds": {
            "mode": "absolute",
            "steps": [
              {
                "color": "green",
                "value": null
              },
              {
                "color": "red",
                "value": 80
              }
            ]
          }
        },
        "overrides": []
      },
      "gridPos": {
        "h": 8,
        "w": 12,
        "x": 0,
        "y": 0
      },
      "id": 1,
      "options": {
        "legend": {
          "calcs": [],
          "displayMode": "list",
          "placement": "bottom",
          "showLegend": true
        },
        "tooltip": {
          "mode": "single",
          "sort": "none"
        }
      },
      "pluginVersion": "11.3.0",
      "targets": [
        {
          "datasource": {
            "type": "prometheus",
            "uid": "a0fa9d88-8932-41f7-af80-6f678d4fb1e7"
          },
          "editorMode": "code",
          "expr": "network_switch_ifMtu{vendor=\"NVIDIA\", ifAlias=~\"MOC-R4PCC02U15.*|MOC-R4PCC02U16.*|MOC-R4PCC02U24.*|MOC-R4PCC02U25.*|MOC-R4PCC02U29.*|MOC-R4PCC02U30.*|MOC-R4PCC02U31.*|MOC-R4PCC02U32.*\"}",
          "legendFormat": "__auto",
          "range": true,
          "refId": "A"
        }
      ],
      "title": "network_switch_ifMtu",
      "type": "timeseries"
    },
    {
      "datasource": {
        "type": "prometheus",
        "uid": "a0fa9d88-8932-41f7-af80-6f678d4fb1e7"
      },
      "fieldConfig": {
        "defaults": {
          "color": {
            "mode": "palette-classic"
          },
          "custom": {
            "axisBorderShow": false,
            "axisCenteredZero": false,
            "axisColorMode": "text",
            "axisLabel": "",
            "axisPlacement": "auto",
            "barAlignment": 0,
            "barWidthFactor": 0.6,
            "drawStyle": "line",
            "fillOpacity": 0,
            "gradientMode": "none",
            "hideFrom": {
              "legend": false,
              "tooltip": false,
              "viz": false
            },
            "insertNulls": false,
            "lineInterpolation": "linear",
            "lineWidth": 1,
            "pointSize": 5,
            "scaleDistribution": {
              "type": "linear"
            },
            "showPoints": "auto",
            "spanNulls": false,
            "stacking": {
              "group": "A",
              "mode": "none"
            },
            "thresholdsStyle": {
              "mode": "off"
            }
          },
          "mappings": [],
          "thresholds": {
            "mode": "absolute",
            "steps": [
              {
                "color": "green",
                "value": null
              },
              {
                "color": "red",
                "value": 80
              }
            ]
          }
        },
        "overrides": []
      },
      "gridPos": {
        "h": 8,
        "w": 12,
        "x": 12,
        "y": 0
      },
      "id": 5,
      "options": {
        "legend": {
          "calcs": [],
          "displayMode": "list",
          "placement": "bottom",
          "showLegend": true
        },
        "tooltip": {
          "mode": "single",
          "sort": "none"
        }
      },
      "pluginVersion": "11.3.0",
      "targets": [
        {
          "datasource": {
            "type": "prometheus",
            "uid": "a0fa9d88-8932-41f7-af80-6f678d4fb1e7"
          },
          "editorMode": "code",
          "expr": "network_switch_ifMtu{vendor=\"NVIDIA\", ifAlias=~\"MOC-R4PCC02U15.*|MOC-R4PCC02U16.*|MOC-R4PCC02U24.*|MOC-R4PCC02U25.*|MOC-R4PCC02U29.*|MOC-R4PCC02U30.*|MOC-R4PCC02U31.*|MOC-R4PCC02U32.*\"} OR (absent(network_switch_ifMtu{vendor=\"NVIDIA\", ifAlias=~\"MOC-R4PCC02U15.*|MOC-R4PCC02U16.*|MOC-R4PCC02U24.*|MOC-R4PCC02U25.*|MOC-R4PCC02U29.*|MOC-R4PCC02U30.*|MOC-R4PCC02U31.*|MOC-R4PCC02U32.*\"})*0)",
          "legendFormat": "__auto",
          "range": true,
          "refId": "A"
        }
      ],
      "title": "network_switch_ifMtu with absent",
      "type": "timeseries"
    },
    {
      "datasource": {
        "type": "prometheus",
        "uid": "a0fa9d88-8932-41f7-af80-6f678d4fb1e7"
      },
      "fieldConfig": {
        "defaults": {
          "color": {
            "mode": "palette-classic"
          },
          "custom": {
            "axisBorderShow": false,
            "axisCenteredZero": false,
            "axisColorMode": "text",
            "axisLabel": "",
            "axisPlacement": "auto",
            "barAlignment": 0,
            "barWidthFactor": 0.6,
            "drawStyle": "line",
            "fillOpacity": 0,
            "gradientMode": "none",
            "hideFrom": {
              "legend": false,
              "tooltip": false,
              "viz": false
            },
            "insertNulls": false,
            "lineInterpolation": "linear",
            "lineWidth": 1,
            "pointSize": 5,
            "scaleDistribution": {
              "type": "linear"
            },
            "showPoints": "auto",
            "spanNulls": false,
            "stacking": {
              "group": "A",
              "mode": "none"
            },
            "thresholdsStyle": {
              "mode": "off"
            }
          },
          "mappings": [],
          "thresholds": {
            "mode": "absolute",
            "steps": [
              {
                "color": "green",
                "value": null
              },
              {
                "color": "red",
                "value": 80
              }
            ]
          }
        },
        "overrides": []
      },
      "gridPos": {
        "h": 8,
        "w": 12,
        "x": 0,
        "y": 8
      },
      "id": 2,
      "options": {
        "legend": {
          "calcs": [],
          "displayMode": "list",
          "placement": "bottom",
          "showLegend": true
        },
        "tooltip": {
          "mode": "single",
          "sort": "none"
        }
      },
      "pluginVersion": "11.3.0",
      "targets": [
        {
          "datasource": {
            "type": "prometheus",
            "uid": "a0fa9d88-8932-41f7-af80-6f678d4fb1e7"
          },
          "editorMode": "code",
          "expr": "network_switch_ifHCOutOctets{vendor=\"NVIDIA\",ifAlias=~\"MOC-R4PCC02U15.*|MOC-R4PCC02U16.*|MOC-R4PCC02U24.*|MOC-R4PCC02U25.*|MOC-R4PCC02U29.*|MOC-R4PCC02U30.*|MOC-R4PCC02U31.*|MOC-R4PCC02U32.*\"}",
          "legendFormat": "__auto",
          "range": true,
          "refId": "A"
        }
      ],
      "title": "network_switch_ifHCOutOctets",
      "type": "timeseries"
    },
    {
      "datasource": {
        "type": "prometheus",
        "uid": "a0fa9d88-8932-41f7-af80-6f678d4fb1e7"
      },
      "fieldConfig": {
        "defaults": {
          "color": {
            "mode": "palette-classic"
          },
          "custom": {
            "axisBorderShow": false,
            "axisCenteredZero": false,
            "axisColorMode": "text",
            "axisLabel": "",
            "axisPlacement": "auto",
            "barAlignment": 0,
            "barWidthFactor": 0.6,
            "drawStyle": "line",
            "fillOpacity": 0,
            "gradientMode": "none",
            "hideFrom": {
              "legend": false,
              "tooltip": false,
              "viz": false
            },
            "insertNulls": false,
            "lineInterpolation": "linear",
            "lineWidth": 1,
            "pointSize": 5,
            "scaleDistribution": {
              "type": "linear"
            },
            "showPoints": "auto",
            "spanNulls": false,
            "stacking": {
              "group": "A",
              "mode": "none"
            },
            "thresholdsStyle": {
              "mode": "off"
            }
          },
          "mappings": [],
          "thresholds": {
            "mode": "absolute",
            "steps": [
              {
                "color": "green",
                "value": null
              },
              {
                "color": "red",
                "value": 80
              }
            ]
          }
        },
        "overrides": []
      },
      "gridPos": {
        "h": 8,
        "w": 12,
        "x": 12,
        "y": 8
      },
      "id": 6,
      "options": {
        "legend": {
          "calcs": [],
          "displayMode": "list",
          "placement": "bottom",
          "showLegend": true
        },
        "tooltip": {
          "mode": "single",
          "sort": "none"
        }
      },
      "pluginVersion": "11.3.0",
      "targets": [
        {
          "datasource": {
            "type": "prometheus",
            "uid": "a0fa9d88-8932-41f7-af80-6f678d4fb1e7"
          },
          "editorMode": "code",
          "expr": "clamp_min(network_switch_ifHCOutOctets{vendor=\"NVIDIA\",ifAlias=~\"MOC-R4PCC02U15.*|MOC-R4PCC02U16.*|MOC-R4PCC02U24.*|MOC-R4PCC02U25.*|MOC-R4PCC02U29.*|MOC-R4PCC02U30.*|MOC-R4PCC02U31.*|MOC-R4PCC02U32.*\"},0)",
          "legendFormat": "__auto",
          "range": true,
          "refId": "A"
        }
      ],
      "title": "network_switch_ifHCOutOctets with clamp_min",
      "type": "timeseries"
    },
    {
      "datasource": {
        "type": "prometheus",
        "uid": "a0fa9d88-8932-41f7-af80-6f678d4fb1e7"
      },
      "fieldConfig": {
        "defaults": {
          "color": {
            "mode": "palette-classic"
          },
          "custom": {
            "axisBorderShow": false,
            "axisCenteredZero": false,
            "axisColorMode": "text",
            "axisLabel": "",
            "axisPlacement": "auto",
            "barAlignment": 0,
            "barWidthFactor": 0.6,
            "drawStyle": "line",
            "fillOpacity": 0,
            "gradientMode": "none",
            "hideFrom": {
              "legend": false,
              "tooltip": false,
              "viz": false
            },
            "insertNulls": false,
            "lineInterpolation": "linear",
            "lineWidth": 1,
            "pointSize": 5,
            "scaleDistribution": {
              "type": "linear"
            },
            "showPoints": "auto",
            "spanNulls": false,
            "stacking": {
              "group": "A",
              "mode": "none"
            },
            "thresholdsStyle": {
              "mode": "off"
            }
          },
          "mappings": [],
          "thresholds": {
            "mode": "absolute",
            "steps": [
              {
                "color": "green",
                "value": null
              },
              {
                "color": "red",
                "value": 80
              }
            ]
          }
        },
        "overrides": []
      },
      "gridPos": {
        "h": 8,
        "w": 12,
        "x": 0,
        "y": 16
      },
      "id": 3,
      "options": {
        "legend": {
          "calcs": [],
          "displayMode": "list",
          "placement": "bottom",
          "showLegend": true
        },
        "tooltip": {
          "mode": "single",
          "sort": "none"
        }
      },
      "pluginVersion": "11.3.0",
      "targets": [
        {
          "datasource": {
            "type": "prometheus",
            "uid": "a0fa9d88-8932-41f7-af80-6f678d4fb1e7"
          },
          "editorMode": "code",
          "expr": "network_switch_ifHCInOctets{vendor=\"NVIDIA\",ifAlias=~\"MOC-R4PCC02U15.*|MOC-R4PCC02U16.*|MOC-R4PCC02U24.*|MOC-R4PCC02U25.*|MOC-R4PCC02U29.*|MOC-R4PCC02U30.*|MOC-R4PCC02U31.*|MOC-R4PCC02U32.*\"}",
          "legendFormat": "__auto",
          "range": true,
          "refId": "A"
        }
      ],
      "title": "network_switch_ifHCInOctets",
      "type": "timeseries"
    },
    {
      "datasource": {
        "type": "prometheus",
        "uid": "a0fa9d88-8932-41f7-af80-6f678d4fb1e7"
      },
      "fieldConfig": {
        "defaults": {
          "color": {
            "mode": "palette-classic"
          },
          "custom": {
            "axisBorderShow": false,
            "axisCenteredZero": false,
            "axisColorMode": "text",
            "axisLabel": "",
            "axisPlacement": "auto",
            "barAlignment": 0,
            "barWidthFactor": 0.6,
            "drawStyle": "line",
            "fillOpacity": 0,
            "gradientMode": "none",
            "hideFrom": {
              "legend": false,
              "tooltip": false,
              "viz": false
            },
            "insertNulls": false,
            "lineInterpolation": "linear",
            "lineWidth": 1,
            "pointSize": 5,
            "scaleDistribution": {
              "type": "linear"
            },
            "showPoints": "auto",
            "spanNulls": false,
            "stacking": {
              "group": "A",
              "mode": "none"
            },
            "thresholdsStyle": {
              "mode": "off"
            }
          },
          "mappings": [],
          "thresholds": {
            "mode": "absolute",
            "steps": [
              {
                "color": "green",
                "value": null
              },
              {
                "color": "red",
                "value": 80
              }
            ]
          }
        },
        "overrides": []
      },
      "gridPos": {
        "h": 8,
        "w": 12,
        "x": 0,
        "y": 24
      },
      "id": 4,
      "options": {
        "legend": {
          "calcs": [],
          "displayMode": "list",
          "placement": "bottom",
          "showLegend": true
        },
        "tooltip": {
          "mode": "single",
          "sort": "none"
        }
      },
      "pluginVersion": "11.3.0",
      "targets": [
        {
          "datasource": {
            "type": "prometheus",
            "uid": "a0fa9d88-8932-41f7-af80-6f678d4fb1e7"
          },
          "editorMode": "code",
          "expr": "DCGM_FI_PROF_PCIE_TX_BYTES",
          "legendFormat": "__auto",
          "range": true,
          "refId": "A"
        }
      ],
      "title": "DCGM_FI_PROF_PCIE_TX_BYTES",
      "type": "timeseries"
    }
  ],
  "preload": false,
  "schemaVersion": 40,
  "tags": [],
  "templating": {
    "list": []
  },
  "time": {
    "from": "now-30d",
    "to": "now"
  },
  "timepicker": {},
  "timezone": "browser",
  "title": "v1",
  "uid": "dekhjru8m2fb4b",
  "version": 8,
  "weekStart": ""
}